F.1.1.0	
F.1.1.1	
F.1.2.0	
F.1.2.1	
F.2.1.0	
F.2.2.0	
F.2.3.0	
F.2.4.0	
F.2.4.1	
F.3.1.0	
E.1.1	
E.1.2	
E.1.3	
E.1.4	
E.1.5.0	
E.1.5.1	
E.1.6.0	
E.1.6.1	
E.1.7	
E.2.1	
E.2.2	
E.2.3	
E.2.4	
E.2.5	
E.3.1	
E.3.2	
E.3.3	
E.3.4	
E.4.1.0	
E.4.1.1	
E.4.2	
E.4.3	
E.4.4	
E.4.5.0	
E.4.5.1	
E.5.1.0	
E.5.1.1	
E.5.2	
E.5.3.0	
E.5.3.1	
E.5.4.0	
E.5.4.1	
E.5.5.0	
E.5.5.1	
E.5.6.0	
E.5.6.1	
E.5.7.0	
E.5.7.1	
E.5.8	
E.6.1	
E.6.2.1	
E.6.2.0	
E.7.1.0	
E.7.1.1	
E.7.2.0	
E.7.2.1	
E.7.3	
E.7.4.0	
E.7.4.1	
E.7.5	
E.7.6.0	
E.7.7	
E.7.8.0	
E.7.8.1	
E.8.1.0	
E.8.1.1	
E.8.2	
E.8.3	
E.8.4.0	
E.8.4.1	
E.8.5	
E.8.6	
E.8.7.0	
E.8.7.1	
E.8.8.0	
E.8.8.1	
E.8.9	
E.8.10.0	
E.8.10.1	
E.8.11	
E.8.12	
E.8.13.0	
E.8.13.1	
E.8.14	
E.8.15	
E.8.16	
E.9.1.0	
E.9.1.1	
E.9.2	
E.9.3.0	
E.9.4.0	
E.9.4.1	
E.10.1	
E.10.2	
E.10.3	
E.10.4	
E.10.5.0	
E.10.5.1	
E.10.6.0	
E.10.6.1	
E.10.7	
E.11.1	
E.11.2.0	
E.11.2.1	
S.1.1.0	
S.1.1.1	
S.1.2	
S.1.3.0	
S.1.3.1	
S.1.4.0	
S.1.4.1	
S.1.5.0	
S.1.5.1	
S.1.6	
S.1.7	
S.1.8	
S.1.9.0	
S.1.9.1	
S.2.1.0	
S.2.1.1	
S.2.1.2	
S.2.2.0	
S.2.2.1	
S.2.3	
S.2.4	
S.2.5	
S.2.6.0	
S.2.6.1	
S.3.1.0	
S.3.1.1	
S.3.2	
S.3.3	
S.3.4.0	
S.3.4.1	
S.3.5.0	
S.3.5.1	
S.3.6	
S.3.7.0	
S.3.7.1	
S.4.1.0	
S.4.1.1	
S.4.2	
S.4.3	
S.4.4.0	
S.4.4.1	
S.5.1	
S.5.2.0	
S.5.2.1	
S.5.3	
S.5.4	
S.6.1.0	
S.6.1.1	
S.6.1.2	
S.6.2	
S.7.1	
S.7.2	
S.7.3	
S.7.4.0	
S.7.4.1	
S.7.5	
S.7.6.0	
S.7.6.1	
S.7.6.2	
S.7.7.0	
S.7.7.1	
S.7.8.0	
S.7.8.1	
S.7.9	
S.7.10	
S.7.11	
S.7.12.0	
S.7.12.1	
S.7.12.2	
S.8.1	
S.8.2	
S.8.3	
S.8.4	
S.9.1.0	
S.9.1.1	
S.9.2	
S.9.3	
S.9.4	
G.1.1	
G.1.2	
G.1.3.0	
G.1.3.1	
G.1.4.0	
G.1.4.1	
G.2.1.0	
G.2.1.1	
G.2.1.2	
G.2.2.0	
G.2.3	
G.2.4	
G.2.5.0	
G.2.5.1	
G.2.5.2	
G.3.1	
G.3.2.0	
G.3.3.0	
G.4.1	
G.4.2.0	
G.4.2.1	
G.4.2.2	
G.4.3.0	
G.4.3.1	
G.4.3.2	
G.4.3.3	
G.4.4.0	
G.4.4.1	
G.4.5.0	
G.4.5.1	
G.4.6.0	
G.4.6.1	
G.4.7.0	
G.4.7.1	
G.4.7.2	
G.4.9.0	
G.4.9.1	
G.5.1.0	
G.5.1.1	
G.5.1.2	
G.5.1.3	
G.5.1.4	
G.5.3	
G.5.4.0	
G.5.4.1	
G.5.5.0	
G.5.5.1	
G.5.6	
G.5.7.0	
G.5.7.1	
G.5.7.2	
G.5.8	
G.5.9.0	
G.5.9.1	
G.5.10.0	
G.5.10.1	
G.5.11.0	
G.6.1	
G.6.2	
G.6.3.0	
G.6.3.1	
G.6.4	
G.6.5	
G.6.6	
G.7.1	
G.7.2	
G.7.3	
G.7.4.0	
G.7.4.1	
G.7.4.2	
G.7.5	
G.7.6	
G.8.1.0	
G.8.1.1	
G.8.1.2	
G.8.2.0	
G.8.2.1	
G.8.3.0	
G.8.3.1	
G.8.4.0	
G.8.4.1	
G.8.4.2	
G.9.1	
G.9.2	
G.9.3	
G.9.4	
G.10.1.0	
G.10.1.1	
G.10.1.2	
G.10.2	
G.10.3	
G.10.4.0	
G.10.4.1	
G.10.5	
G.10.6	
G.10.7	
G.10.8	
G.10.9	
G.10.10	
G.11.1	
G.11.2.0	
G.11.2.1	
G.11.3	
G.11.4.0	
G.11.4.1	
G.12.1.0	
G.12.1.1	
G.12.2	
G.13.1	
G.13.2	
G.13.3	
G.13.4	
G.14.1.0	
G.14.1.1	
G.14.2	
G.14.3	
G.14.4	
G.14.5	
G.14.6	
G.15.1.0	
G.15.1.1	
G.15.1.2	
G.15.1.3	
G.15.2.0	
G.15.2.1	
G.15.3.0	
G.15.3.1	
G.15.3.2	
G.15.3.3	
G.15.4	
